{"cameraMode":{"drawMode":0,"name":"Shaded","section":"Shading Mode"},"sceneLighting":true,"audioPlay":false,"sceneViewState":{"m_AlwaysRefresh":false,"showFog":true,"showSkybox":true,"showFlares":true,"showImageEffects":true,"showParticleSystems":true,"showVisualEffectGraphs":true,"m_FxEnabled":true},"in2DMode":false,"pivot":{"x":-20.152990341186525,"y":-46.65106201171875,"z":33.85911560058594},"rotation":{"x":-0.40800604224205019,"y":-0.01609109155833721,"z":0.007242277264595032,"w":-0.9128825068473816},"size":74.63059997558594,"orthographic":false}